Sample Name,Ajinomoto_grind20min,,
Measurement Date Time,2025/10/02 17:26:14,,
Particle Name,[BROWSE],,
Is Particle Fraunhofer?,Yes,,
Are particles non-spherical?,Yes,,
Particle Refractive Index,1.5424,,
Particle Absorption Index,0,,
Particle Density,2.105,,
Background Measurement Time,5,,
Sample Measurement Time,1,,
Number Of Measurements,1,,
Pre-measurement Delay,0,,
Delay Between Measurements,0,,
Enable Obscuration Filtering?,No,,
Obscuration Time-out,30,,
Auto Start Measurement?,Yes,,
Obscuration Low Limit,0.1,,
Obscuration High Limit,50,,
Stabilisation Time,0.1,,
Analysis Model,General Purpose,,
Result Units,Volume,,
Result Range Is Limited?,No,,
Low Size,0.005,,
High Size,5000,,
Air Pressure Demand,4,,
Feed Rate Demand,0,,
Weighted Residual,0.5531867093138997,,
Dx (50),42.377926556590175,,
SizeClasses(μm),VolumeDensity(%),Scatter Angle q,Scatter Intensity
0.09953,0,0.0026667704722456043,1
0.11308222859981587,0.0005206877478815691,0.003277936829256543,0.6176003065743941
0.12847975911886883,0.0762349007562351,0.0039132482752340094,0.8763061444198407
0.14597385201576613,0.11620716223988549,0.004657107503481888,0.5974672244535548
0.1658499799381348,0.15671723248627029,0.00554121540491368,0.6375638731589661
0.18843248613120703,0.19855781809540535,0.006592693308370272,0.45325694294411234
0.21408987714579308,0.24168886006149448,0.007840520001823451,0.4423746395522243
0.24324083621327308,0.2860343941745678,0.009319543887892858,0.3352858117888824
0.27636105541524886,0.33134528747500114,0.011080120902706178,0.2957514499574007
0.3139909981367784,0.3772305064510577,0.013179261471081677,0.23399036391625422
0.356744718472697,0.4231450619902146,0.01566630332363236,0.19847204532712137
0.4053198815041342,0.4683990791155024,0.0186254559373255,0.1621817339486812
0.4605091479584124,0.5121749034366259,0.0221543695669397,0.14036379153455583
0.5232131090298364,0.5535623590897822,0.02634398389147917,0.11687855817020908
0.5944549824347669,0.5916176197045533,0.03133650455887268,0.09992260984428801
0.675397309514597,0.6254539740006804,0.03726927281196032,0.08266819899840057
0.7673609258538154,0.6543724110247053,0.0443105909890591,0.07131325516212601
0.8718465149800815,0.6780377816804721,0.052699353249123664,0.05943152102004844
0.9905590968645671,0.6966993527399366,0.06268218911264602,0.04935660858351542
1.1254358508315696,0.7114400551299083,0.07455788912105372,0.040782841726817676
1.2786777268980591,0.7244136021550078,0.08868904661518051,0.0334654994898077
1.4527853613842987,0.7389924961268086,0.10550581874234258,0.027535452026424347
1.6505998828747652,0.7597100526930571,0.12553682755785492,0.02216531848410021
1.8753492744104643,0.7918583030435933,0.14940901734613643,0.017847646754826522
2.130701048461599,0.8406412514378996,0.17762146379472155,0.014578042674762759
2.420822094242961,0.9099210442348671,0.21164730494728437,0.011672810167486058
2.7504466739743543,1.0008221290669788,0.2525217576591168,0.009329119357373319
3.124953677664736,1.1106499962494905,0.3012522236207536,0.007440405569110095
3.550454397081473,1.2325599392754327,0.3598763858367056,0.005877672533457862
4.033892251220623,1.3562431324405093,0.4307794014302606,0.004566991612535814
4.583156090621484,1.4699470468811278,0.5171495956291441,0.003552900940747357
5.207208929451393,1.564060853376656,0.6240039982499064,0.002719514085964726
5.91623420604064,1.6349154783582165,0.7564250726194758,0.0020427912430863986
6.721801958580707,1.6857294015315816,0.924615881604425,0.0015202611782239178
7.637057627679228,1.7239548520795331,1.103327507116431,0.0011234541661501343
8.676936566695368,1.757835699606126,1.3122986003347201,0.0008823451079848825
9.858407760284809,1.792758162607484,1.5607405038510644,0.0006830101369064408
11.200750728209842,1.8293366483351434,1.8564931514763163,0.000535004447851558
12.72587013299487,1.8658800056019231,2.2078558930646555,0.00042193159912506337
14.45865322526771,1.9018937555084037,2.5989430095798616,0.00032668482836667033
16.427375959662296,1.9390904167061933,3.0881404469425093,0.0002591128762726848
18.664164408375882,1.980255562664155,3.663490578476414,0.00020021782597826735
21.205519001833704,2.0286039667844875,4.329116198992359,0.00015552834134892316
24.092910151141346,2.0850760110930295,5.265369814103447,0.00013571474492189258
27.3734549718295,2.1461685145309843,6.241146298105407,7.07062789640294E-05
31.100686151825478,2.2044062351999614,7.665212436137851,1.9264808572529787E-05
35.33542551021658,2.250371002575271,9.941660953074798,8.791757159181556E-09
40.14677650173894,2.2749140244768995,0,0
45.613251862909266,2.2711156414247498,,
51.82405480098948,2.236473610842296,,
58.88053463252163,2.1743034608360006,,
66.8978406248788,2.092689156449964,,
76.00680102860035,2.0017356027676385,,
86.35605796299512,1.9113940860321392,,
98.11449299256871,1.8321567518102881,,
111.47398297539121,1.7760499560996692,,
126.6525311539754,1.7538223187835627,,
143.89782458252938,1.7703450708875152,,
163.49127594150298,1.8229361286531542,,
185.7526156946912,1.90301197455247,,
211.0451095247746,1.999087268476572,,
239.78148618661447,2.0990080536167,,
272.43067251038207,2.190673351201724,,
309.5254454578579,2.2611380543680326,,
351.67112609992296,2.2988644834940573,,
399.5554573855738,2.2992505509764243,,
453.9598268901783,2.265657178275987,,
515.7720176783681,2.2005790514687646,,
586.0006953530946,2.094996984479934,,
665.7918676938581,1.9220117568701482,,
756.4475854762908,1.6416367191820598,,
859.4471896373824,1.2196348724828852,,
976.4714515024996,0.6397244923034577,,
1109.4299999999967,0,,
